"Screen_Tech_Clean","Avg_mode_power"
"LCD",87.47733672340426
"LED",121.10074795353968
"OLED",130.01503246753245
